TransactionType,CustomerAge,TransactionAmount
Credit,46.153169014084504,174092.57
Debit,44.241769547325106,573463.0
